5-Adenosyl-L-methionine HCL,freezer20
Adenosine-2-3-cyclic phosphate,freezer20
Adenosine-3-phosphate-5-phosphosulfate lithium salt hydrate,freezer20
Adenosine-5-phosphosulfate,freezer20
Adenosine diphosphate,freezer20
Adenosine monophosphate,freezer20
Adenosine triphosphate,freezer20
Alpha solanine,freezer20
Aminoethyl diphenylborinate,freezer20
Arginosuccinic acid,freezer20
Beta carotene,freezer20
Beta glucoronidase,freezer20
Beta glucoronidase,freezer20
BHT,freezer20
Bromoacetic acid n hydroxysuccinimide ester,freezer20
Caffeic acid,freezer20
Canthaxanthine,freezer20
Chorismic acid,freezer20
Chymotrypsin,freezer20
Cis-Aconitic acid,freezer20
Dansyl chloride,freezer20
Gamma aminobutyric,freezer20
Glu-glu,freezer20
Glyceraldehyde 3 phosphate,freezer20
Indol-3-pyruvic acid,freezer20
Insullin,freezer20
Iodoacetic acid m hydroxy succinimide esther,freezer20
Lactic acid,freezer20
L-Aspartic acid  4 methyl ester hcl,freezer20
L-Cystathionine,freezer20
Leucine enkephaline acetate salt,freezer20
N-Acetyl lysine,freezer20
NADP,freezer20
N-dodecyl b d maltoside,freezer20
Nicotineamide  adenine dinuclenotide-2-phosphate,freezer20
N-methyl-L-glutamic,freezer20
Nn Dissucinimidyl carbonate,freezer20
O-Acetyl-L-serine,freezer20
Pepsin,freezer20
Propazin,freezer20
Protease,freezer20
Resveratrol,freezer20
Rosmarinic acid,freezer20
Saccharopine,freezer20
Sulfatase,freezer20
Sulfatase,freezer20
TBTA,freezer20
THPTA,freezer20
THPTA,freezer20
Thymidine monophosphate TMP,freezer20
Trypsin,freezer20
Uridine 5 diphosphoglucoronic,freezer20
2-C-Methyl-D-erythritol 4-phosphate lithium salt,freezer20
Farnesyl pyrophosphate ammonium salt,freezer20
Hexanoyl CoA,freezer20
Geranylgeranyl pyrophosphate ammonium salt,freezer20
Olivetol,freezer20
Olivetolic acid,freezer20
Adenosine 5â€²-triphosphate disodium salt hydrate,freezer20
dihydroactinidiolide,freezer20
Coenzyme A sodium salt hydrate,freezer20
Phenazine methosulfate,freezerQtrap
Folic acid,freezerQtrap
Methoxtrexate,freezerQtrap
Menaquinone,freezerQtrap
Alpha solanine,freezerQtrap
Phenylpyruvic acid,freezerQtrap
Indol-3-pyruvic acid,freezerQtrap
Hydroxy kynurenine,freezerQtrap
Tryptamine,freezerQtrap
L-Phenylalanine,freezerQtrap
L-Tryptophan,freezerQtrap
L-Tyrosine,freezerQtrap
Pyruvic acid,freezerQtrap
L-Alanine,freezerQtrap
L-Glutamic acid,freezerQtrap
L-Serine,freezerQtrap
Anthranilic acid,freezerQtrap
Shikimate phosphate,freezerQtrap
Chorismic acid,freezerQtrap
Glyceraldehyde-3-phosphate,freezerQtrap
Dihydroquinate,freezerQtrap
D-Quinic acid,freezerQtrap
Erythrose phosphate,freezerQtrap
Kynurenic acid,freezerQtrap
Î²-Nicotinamide adenine dinucleotide,freezerQtrap
3-Hydroxyanthranilic acid,freezerQtrap
2-picolinic acid,freezerQtrap
5-Hydroxy-L-tryptophan,freezerQtrap
Indole-3-ethanol,freezerQtrap
3-Indoleacetic acid,freezerQtrap
Dansylamide,freezerQtrap
Dansyl-L-Tryptophan,freezerQtrap
DL-Leucil-glycil-DL-phenylalanine,freezerQtrap
Proline-leucine-glycine amide,freezerQtrap
Dansyl-L-leucine,freezerQtrap
Dansyl-L-cysteic acid,freezerQtrap
Gly-Leu-Tyr,freezerQtrap
Tri-glycine,freezerQtrap
Gly-Gly-Ile,freezerQtrap
Pro-Leu-Gly amide,freezerQtrap
Dansyl-Sarcosine,freezerQtrap
Leucyl-Glycyl-DL-Phenylalanine,freezerQtrap
Glycyl-DL-Leucyl-DL-Alanine,freezerQtrap
Dl-Alanyl-DL-Leucyl-Glycyl,freezerQtrap
Dansyl-gamma amino butyrate,freezerQtrap
Dansyl-L-proline,freezerQtrap
Dansyl-Hydroxy-L-proline,freezerQtrap
Dansyl-L-threonine,freezerQtrap
Tyr-Gly-Gly,freezerQtrap
DL-Ala-DL-Leu-Gly,freezerQtrap
N-2-4-DNP-L-Leucine,freezerQtrap
N-2-4-DNP-L-Glycine,freezerQtrap
N-2-4-DNP-L-Serine,freezerQtrap
N-2-4-DNP-Valine,freezerQtrap
N-2-4-DNP-Phenylalanine,freezerQtrap
N-2-4-DNP-Lysine,freezerQtrap
N-2-4-DNP-Proline,freezerQtrap
N-2-4-DNP-Glutamic acid,freezerQtrap
N-2-4-DNP-Alanine,freezerQtrap
NO-Di(DNP)-L-Tyrosine,freezerQtrap
Glycerol-3-phosphate,freezer30
Glycerol-3-phosphate,freezer30
Citicoline,freezer30
Progesterone,freezer30
17-Hydroxyprogesterone,freezer30
19-Hydroxytestosterone,freezer30
Ligandrol,freezer30
2-Chloro-4-6 bis ethylamino 135 tri azine,fridge4
2-Deoxycitydine,fridge4
2-Methyl naphthoquinone,fridge4
3-Bromo isocyanate,fridge4
3-Indoleacetic acid,fridge4
Acetylcysteine,fridge4
Adenine,fridge4
Adenosine,fridge4
Albumin,fridge4
Alpha-Ketoglutaric acid,fridge4
Aminoquinoline,fridge4
Benzyl azide,fridge4
Biotin,fridge4
Bis-boc L cystheine,fridge4
Boc-his-oh,fridge4
Carbamazepine,fridge4
Chlorambucil,fridge4
Cyanogen bromide,fridge4
Cytidine,fridge4
Cytidine monophosphate,fridge4
Cytosine,fridge4
Dehydroquinic acid ksalt,fridge4
Deoxy adenosine,fridge4
Dexamethazone,fridge4
Dihydroxyphenylacetic acid,fridge4
Dopamine,fridge4
Duloxetine,fridge4
Ethyl iodoacetate,fridge4
Glutathione,fridge4
Glutathione oxidized,fridge4
Guanine,fridge4
Guanosine,fridge4
Guanosine monophosphate,fridge4
Homovanillic acid,fridge4
Hydroxyglutamic acid,fridge4
Hydroxy kynurenine,fridge4
Hydroxyproline,fridge4
Iodoacetamide,fridge4
Iodoacetyltyramine,fridge4
L-Asparagine,fridge4
L-cysteine,fridge4
L-cystheine ethylester HCL,fridge4
Lenalidomide,fridge4
L-glutamic acid-1-methyl esther,fridge4
L-Proline,fridge4
Methyl cytosine,fridge4
N-Acetylglutamic acid,fridge4
N-ethyl maleimide,fridge4
Nn Dissucinimidyl carbonate,fridge4
Norepinephrine,fridge4
Omeprazole,fridge4
Phenyl isothiocyanate,fridge4
Propranolol HCl,fridge4
Pyruvate sodium,fridge4
Quercitrin,fridge4
Saccharic acid lactone,fridge4
Serotonin,fridge4
Tamoxifen,fridge4
Thymidine,fridge4
Thymine,fridge4
Tocopherol,fridge4
Tryptamine,fridge4
Uracil,fridge4
Uridine,fridge4
Acetylcholine chloride,fridge4
5-Hydroxy-L-tryptophan,fridge4
Tyramine hydrochloride,fridge4
(RS)-Mevalonic acid lithium salt,fridge4
Theobromine,fridge4poudre
Clotrimazole,fridge4poudre
2-(4-(2-Chloro-1-2-diphenylvinyl)phenoxy)-N-N-diethylethanamine,fridge4poudre
Trimethoprim,fridge4poudre
Chlorpromazine,fridge4poudre
Miconazole,fridge4poudre
Theophylline,fridge4poudre
Sulfamethoxazole,fridge4poudre
Haloperidol,fridge4poudre
Metaformine,fridge4poudre
Ketoconazole,fridge4poudre
Thiamphenicol,fridge4poudre
Fluconazole,fridge4poudre
Pipemidic acid,fridge4poudre
Ciprofloxacin,fridge4poudre
Mefenamic acid,fridge4poudre
2-(2-((2-6-Dichlorophenyl)amino)phenyl)acetic acid,fridge4poudre
Carbendazim,fridge4poudre
Amiodarone,fridge4poudre
Methiazole,fridge4poudre
Sulfathiazole,fridge4poudre
Sulfadiazine,fridge4poudre
Imiprazine,fridge4poudre
L-Carnitine,fridge4carnit
Docosahexaenoic acid,fridge4carnit
3-ureidopropionic acid,fridge4carnit
Dihydrouracil,fridge4carnit
Hexadecanoyl carnitine,fridge4carnit
Dodecanoyl carnithine,fridge4carnit
Acetyl carnitine,fridge4carnit
Dodecanoyl carnithine,fridge4carnit
Butyril carnitine,fridge4carnit
2-4-Dichlorophenol,Ambient
2-4-Dinitrophenylhydrazine,Ambient
2-6-Dimethylphenol,Ambient
2-6-Di-tert-butylphenol,Ambient
2-Aminoethylphosphonic acid,Ambient
2-Aminoisobutyric acid,Ambient
2-Chloro-1-methylpyridinium iodide,Ambient
2-Isopropylmalic acid,Ambient
3-5-Di-tert-butyl-2-hydroxybenzaldehyde,Ambient
3-Acetamidophenol,Ambient
4-Amino-2-butenoic acid TACA,Ambient
4-Aminophenol,Ambient
4-Cumylphenol,Ambient
4-Dimethylaminopyridine,Ambient
4-Methoxycinnamic acid,Ambient
5-Aminovaleric acid,Ambient
7-Ethoxycoumarin,Ambient
Acetaminophen,Ambient
Acetylsalicylic acid,Ambient
Adipic acid,Ambient
Aminoadipic acid,Ambient
Aminoguanidine hydrochloride,Ambient
Ammonium bicarbonate,Ambient
Ammonium chloride,Ambient
Ammonium formate,Ambient
Ammonium sulfate,Ambient
Amodiaquin dihydrochloride dihydrate,Ambient
Ascorbic acid,Ambient
Atrazin,Ambient
Atrazin desethyl desipropyl,Ambient
Avobenzone,Ambient
Benzamide,Ambient
Benzanilide,Ambient
Benzoic acid,Ambient
Beta-Estradiol,Ambient
Bezafibrate,Ambient
BHT,Ambient
Bisphenol AF,Ambient
Bisphenol AF,Ambient
Bisphenol-AP,Ambient
Bisphenol-B,Ambient
Bisphenol F,Ambient
Boric acid,Ambient
Butylated Hydroxyanisol,Ambient
Caffeine,Ambient
Calcium Chlorate,Ambient
Caseine,Ambient
Cesium iodide,Ambient
Chaps hydrate,Ambient
Charcoal dextran,Ambient
Chenodeoxycholic acid,Ambient
Cholic acid,Ambient
Citric acid,Ambient
Citrulline,Ambient
Clomipranine HCL,Ambient
Clozapine,Ambient
Creatinine,Ambient
Cyanazine,Ambient
D-Alanine,Ambient
Dehydrocholic acid,Ambient
Deoxycholic acid,Ambient
Deoxycholic acid,Ambient
Deoxyguanosine,Ambient
Dextrose,Ambient
D-Fructose,Ambient
D-Glucose,Ambient
Diclofenac sodium,Ambient
Diminazen aceturate,Ambient
DL-Malic acid,Ambient
Drometrizole,Ambient
Ecamsule,Ambient
Ethyl gallate,Ambient
Fipexide HCL,Ambient
Fumaric acid,Ambient
Galic acid,Ambient
GDCA,Ambient
Gluconic acid,Ambient
Glucose 6-phosphate,Ambient
Glycine,Ambient
Glycocholic acid,Ambient
Guaiacol glyceryl ether carbamate,Ambient
Heptanoic acid,Ambient
Hippuric acid,Ambient
Hydroquinone,Ambient
Ibuprofen,Ambient
Imidazole,Ambient
Inosine,Ambient
Isocitric acid,Ambient
Itaconic acid,Ambient
L-Alpha-aminobutyric acid,Ambient
L-Arginine,Ambient
L-Aspartic acid,Ambient
Lauryl gallate,Ambient
L-Carnitine,Ambient
L-Glutamic acid,Ambient
L-Glutamine,Ambient
L-Histidine,Ambient
L-Isoleucine,Ambient
L-Leucine,Ambient
L-Lysine,Ambient
L-Methionine,Ambient
L-Norleucine,Ambient
L-Norvaline,Ambient
L-Serine,Ambient
L-Tartaric acid,Ambient
L-Threonine,Ambient
L-Tryptophan,Ambient
L-Tyrosine,Ambient
L-Valine,Ambient
Magnesium chloride,Ambient
Maleamic acid,Ambient
Maleic acid,Ambient
Malonic acid,Ambient
m-Cresol,Ambient
Meclofenamic acid,Ambient
Medroxyprogesterone-acetate,Ambient
Methyl-2-succinomidooxy-carbonyl benzoate,Ambient
Methyl-aspartic acid,Ambient
Methyl carbamate,Ambient
Myrisitic acid,Ambient
N-Hydroxysuccinimide,Ambient
Nitrilotriacetic acid,Ambient
Octadecyl-functionnalised sillica gel,Ambient
Octyl gallate,Ambient
Olanzapine,Ambient
Ornithine,Ambient
Oxalic acid,Ambient
Oxybenzone,Ambient
Palmitic acid,Ambient
P-Benzoquinone,Ambient
p-bromophenyl isocyanate,Ambient
Phenol accugen,Ambient
Piperonyl alcohol,Ambient
Potassium chloride,Ambient
Potassium hydroxide,Ambient
Potassium phosphate,Ambient
Pro-Leu,Ambient
Propyl gallate,Ambient
Purine,Ambient
Pyroglutamic acid,Ambient
Reserpine,Ambient
S-benzyl-l-cysteine,Ambient
Silver oxide,Ambient
Sodium azide,Ambient
Sodium bicarbonate,Ambient
Sodium carbonate,Ambient
Sodium dodecyl sulfate,Ambient
Sodium phosphate dibasic,Ambient
Sodium phosphate monobasic,Ambient
Succinic acid,Ambient
Sulfate de cuivre anhydre,Ambient
Sulfinpyrazone,Ambient
Sulfonyldiphenol,Ambient
Taurine,Ambient
Taurocholic acid,Ambient
TDCA,Ambient
Tert-butylhydroquinone,Ambient
Tetrabromobisphenol A,Ambient
Thiourea,Ambient
Ticlopidine,Ambient
TLCA,Ambient
trans-Aconitic acid,Ambient
Trichlorocarbanilide,Ambient
Triclosan,Ambient
UDCA,Ambient
Urea,Ambient
Verapamil HCl,Ambient
Xanthurenic acid,Ambient
Zinc nitrate,Ambient
Zinc sulfate,Ambient
Zomepirac sodium salt,Ambient
Anthranilic acid,Ambient
Quinolinic acid,Ambient
Acetamidine,Ambient
4-oxo-L-proline,Ambient
L-Kynurenine,Ambient
Adrenaline,Ambient
2-picolinic acid,Ambient
Orotic acid,Ambient
Kynurenic acid,Ambient
3-Hydroxyanthranilic acid,Ambient
6-Aminoquinoline,Ambient
Indole-3-ethanol,Ambient
Shikimic acid,Ambient
3-dehydroshikimic acid,Ambient
D-Quinic acid,Ambient
trifluoromethanesulfonic,Ambient
Hexakis(2-2-3-3-tetrafluoropropoxy)phosphazene,Ambient
Arg,Biocratres std mix
Asn_2,Biocratres std mix
Asp,Biocratres std mix
BABA,Biocratres std mix
b-Ala,Biocratres std mix
Betaine,Biocratres std mix
c4-OH-Pro,Biocratres std mix
Carnosine,Biocratres std mix
Choline,Biocratres std mix
Cit,Biocratres std mix
Cortisol,Biocratres std mix
Cortisone,Biocratres std mix
Creatinine,Biocratres std mix
Cysteine,Biocratres std mix
DOPA,Biocratres std mix
Dopamine,Biocratres std mix
GABA,Biocratres std mix
Gln,Biocratres std mix
Glu,Biocratres std mix
Gly,Biocratres std mix
HArg,Biocratres std mix
HipAcid,Biocratres std mix
His,Biocratres std mix
Histamine,Biocratres std mix
Homocysteine,Biocratres std mix
Hypoxanthine,Biocratres std mix
Ile,Biocratres std mix
Indole,Biocratres std mix
Kynurenine,Biocratres std mix
Leu,Biocratres std mix
Lys,Biocratres std mix
Met,Biocratres std mix
Met-SO,Biocratres std mix
Nitro-Tyr,Biocratres std mix
Orn,Biocratres std mix
PAG,Biocratres std mix
PEA_2,Biocratres std mix
Phe,Biocratres std mix
PheAlaBetaine,Biocratres std mix
Pro,Biocratres std mix
ProBetaine,Biocratres std mix
Putrescine,Biocratres std mix
Sarcosine,Biocratres std mix
SDMA,Biocratres std mix
Ser,Biocratres std mix
Serotonin,Biocratres std mix
Spermidine,Biocratres std mix
Spermine,Biocratres std mix
t4-OH-Pro,Biocratres std mix
Taurine,Biocratres std mix
Thr,Biocratres std mix
TMAO,Biocratres std mix
Trigonelline,Biocratres std mix
Trp,Biocratres std mix
TrpBetaine,Biocratres std mix
Tyr,Biocratres std mix
Val,Biocratres std mix
Xanthine,Biocratres std mix
(RS)-Mevalonate,HILIC
2-Oxoglutarate,HILIC
Acetoacetate,HILIC
Acetyl-L-Threonine,HILIC
Adenine,HILIC
Adenosine,HILIC
Adenosine 5-monophosphate,HILIC
Allantoin,HILIC
Biotin,HILIC
cis-Aconitate,HILIC
Creatinine,HILIC
Cytidine,HILIC
D-Arabitol,HILIC
Deoxycytidine,HILIC
Deoxyguanosine,HILIC
Deoxyuridine,HILIC
D-Fructose 1-6-bisphosphate,HILIC
D-Glucose,HILIC
D-Glucose 6-Phosphate,HILIC
DL-Homocysteine,HILIC
D-Ribose 5-phosphate,HILIC
D-Trehalose,HILIC
Folate,HILIC
Fumarate,HILIC
Gamma-aminobutyric acid,HILIC
Glycine,HILIC
Guanine,HILIC
Guanosine,HILIC
Hippurate,HILIC
Hypoxanthine,HILIC
Inosine,HILIC
Itaconate,HILIC
L-Alanine,HILIC
L-Arginine,HILIC
L-Ascorbate,HILIC
L-Asparagine,HILIC
L-Aspartate,HILIC
L-Carnosine,HILIC
L-Citrulline,HILIC
L-Cysteic acid,HILIC
L-Cysteine,HILIC
L-Cystine,HILIC
L-Dihydroorotic acid,HILIC
L-Glutamate,HILIC
L-Glutamine,HILIC
L-Histidine,HILIC
L-Isoleucine,HILIC
L-Leucine,HILIC
L-Lysine,HILIC
L-Methionine,HILIC
L-Methionine sulfoxide,HILIC
L-Ornithine,HILIC
L-Phenylalanine,HILIC
L-Proline,HILIC
L-Rhamnose,HILIC
L-Serine,HILIC
L-Threonine,HILIC
L-Tryptophan,HILIC
L-Tyrosine,HILIC
L-Valine,HILIC
myo-Inositol,HILIC
N-Acetyl-D-Glucosamine,HILIC
N-Acetyl-Glycine,HILIC
N-Acetyl-L-Aspartate,HILIC
N-Acetyl-L-Glutamate,HILIC
N-Acetyl-L-Glutamine,HILIC
N-Acetyl-L-Leucine,HILIC
N-Acetyl-L-Methionine,HILIC
N-Acetyl-L-Phenylalanine,HILIC
NAD,HILIC
Nicotinate,HILIC
O-Phospho-L-Serine,HILIC
Orotate,HILIC
Pantothenate,HILIC
Pyridoxine,HILIC
Riboflavin,HILIC
Shikimate,HILIC
sn-Glycerol 3-phosphate,HILIC
Succinate,HILIC
Taurine,HILIC
Thiamine,HILIC
Thymidine,HILIC
Thymine,HILIC
trans-4-hydroxy-L-Proline,HILIC
Uracil,HILIC
Urate,HILIC
Uridine,HILIC
Urocanate,HILIC
Xanthine,HILIC
Xanthosine,HILIC
3-methyl Adenine,HILIC
Agmatine,HILIC
Choline,HILIC
Cytosine,HILIC
Deoxyadenosine,HILIC
Guanidine,HILIC
Nicotinamide,HILIC
Spermine,HILIC
Tyramine,HILIC
Isocitric acid,mix A1
ADP,mix A1
L-Glutathione,mix A1
L-Proline,mix A1
Cytidine,mix A1
Uridine,mix A1
Cytosine,mix A2
Uracil,mix A2
Adenine,mix A2
Cytidine monophosphate,mix A2
Indole-6-carboxaldehyde ,mix A2
Adenosine monophosphate,mix A2
L-Aspartic acid,mix A2
Orotic acid ,mix A2
Aminoadipic acid,mix A2
Anthraquinone ,mix A2
Maleic acid  ,mix B1
Succinic acid,mix B1
Taurocholic acid,mix B1
DL-Malic acid ,mix B1
Purine,mix B1
Pyroglutamic acid,mix B1
Citric acid,mix B1
Cyclic AMP,mix B1
L-Carnitine,mix B1
m-Cresol ,mix B1
Indole ,mix B1
Niacinamide,mix B1
cis-Cinnamic Acid,mix B1
Phenylacetic acid,mix B1
Suberic acid,mix B1
Toluenesulfonic acid ,mix B1
Citrulline,mix B2
Gluconic acid,mix B2
Sarcosine,mix B2
L-Serine,mix B2
2-Aminoisobutyric acid,mix B2
Creatinine,mix B2
D-Alanine,mix B2
Glucose 6-phosphate,mix B2
L-Methionine,mix B2
L-Threonine,mix B2
L-Arginine,mix C1
L-Carnitine,mix C1
L-Isoleucine ,mix C1
Betaine,mix C1
Mannitol,mix C1
Taurine,mix C1
L-Glutamine,mix C1
Threonine,mix chill pill
Magnolol,mix chill pill
Thiamine,mix chill pill
Riboflavin + Riboflavin-5-phosphate,mix chill pill
Niacinamide,mix chill pill
Inositol hexamicotinase,mix chill pill
Pantothenate,mix chill pill
B6 pyridoxine - pyridoxal-5-p,mix chill pill
Methyltetrafolate,mix chill pill
B12 - Methylcobalamin,mix chill pill
p-aminobenzoic acid,mix chill pill
Choline,mix chill pill
Myo-inositol,mix chill pill
Ribose,mix chill pill
Biotin,mix chill pill
O-Acetyl-L-serine,mix D1
NADP,mix D1
Aconitic acid,mix D1
L-Phenylalanine,mix D1
Inosine,mix D1
L-Tryptophan,mix D1
Indole ,mix D1
Glutathione oxidized,mix D1
N-Acetyl lysine,mix E1
L-Kynurenine,mix E1
N-methyl-L-glutamic,mix E1
4-oxo-L-proline,mix E1
L-Norleucine,mix E1
3-Hydroxyanthranilic acid,mix E1
Trans-cinnamic,mix E1
Myrisitic acid,mix E1
Acetylcysteine,mix F1
Tryptamine,mix F1
3-Indoleacetic acid,mix F1
Aminoguanidine hydrochloride,mix F1
4-Dimethylaminopyridine,mix F1
m-cresol,mix F1
Methyl cytosine,mix F1
Dihydroxyphenylacetic acid,mix F1
Homovanillic acid,mix F1
L-Norvaline,mix F1
Ornithine,mix G1
2-Isopropylmalic acid,mix G1
2-picolinic acid,mix G1
5-Aminovaleric acid,mix G1
Adipic acid,mix G1
Anthranilic acid,mix G1
Malonic acid,mix G1
Glycyl-glutamic acid,PM1 A
Glycyl-proline,PM1 A
Arabinose,PM1 A
Sorbitol,PM1 A
Galactonic acid - lactone,PM1 A
Aspartic acid,PM1 A
Tartaric acid,PM1 A
N-acetyl-glucosamine,PM1 A
Glucosaminic acid,PM1 A
Ribose,PM1 A
Fructose-6-phosphate,PM1 A
Glucose-1-phosphate,PM1 B
Hydroxyphenylacetic acid,PM1 B
Saccharic acid,PM1 B
Fucose,PM1 B
Propanediol,PM1 B
Tyramine,PM1 B
Psicose,PM1 B
Galactose,PM1 B
Rhamnose,PM1 C
Hydroxyglutaric acid - lactone,PM1 C
Bromosuccinic acid,PM1 C
L-alanyl-glycine,PM1 C
Lyxose,PM1 C
Hydroxy-butyric acid,PM1 C
Propionic acid,PM1 C
Glucoronamide,PM1 C
Xylose,PM1 C
Methyl-galactoside,PM1 C
Methyl-glucoside,PM1 C
Mucic acid,PM1 D
Lactose,PM1 D
Adonitol,PM1 D
Glycolic acid,PM1 D
Galactonic acid - lactone,PM1 D
Trehalose,PM1 D
Maltose,PM1 D
Lactulose,PM1 D
Glyoxylic acid,PM1 D
Mannitol,PM1 D
Sucrose,PM1 D
Cellobiose,PM1 D
N-acetyl glutamic acid,PM3 A
N-acetyl Mannosamine,PM3 A
Phenyl ethyl amine,PM3 A
Histidine,PM3 A
Pyroglutamic acid,PM3 A
Tyramine,PM3 A
Asparagine,PM3 A
Acetamide,PM3 B
Urea,PM3 B
Methylamine,PM3 B
Formamide,PM3 B
Amylamine,PM3 B
Glucoronamide,PM3 B
Parabanic acid,PM3 B
Butylamine,PM3 B
Lactamide,PM3 B
AminoButyric acid,PM3 C
Ethylamine,PM3 C
Glucosamine,PM3 C
Ethanolamine,PM3 C
Galactosamine,PM3 C
Amino caproic acid,PM3 C
Ethylenediamine,PM3 C
Mannosamine,PM3 C
Putrescine,PM3 C
N-Acetyl galactosamine,PM3 C
Amino Valeric acid,PM3 C
Phosphoenolpyruvate,PM4 A
Mannose-1-phosphate,PM4 A
O-phospho-Tyrosine,PM4 A
N-acetyl cysteine,PM4 A
Phosphoglycolic acid,PM4 A
Thiourea,PM4 A
Glycerolphosphate,PM4 A
Phosphorylcholine,PM4 A
Lanthionine,PM4 A
Carbamylphosphate,PM4 A
Deoxy-glucose-6-phosphate,PM4 A
O-phospho-serine,PM4 A
O-phosphoryl-ethanolamine,PM4 B
Glutathione,PM4 B
D-2-phospho-glyceric acid,PM4 B
Glucosamine-6-phosphate,PM4 B
Phosphonoacetic acid,PM4 B
Phosphogluconic acid,PM4 B
Hypotaurine,PM4 B
Glutamine,PM5 A
Proline,PM5 A
Ornithine,PM5 A
Putrescine,PM5 A
Quinolinic acid,PM5 A
Oxaloacetic acid,PM5 A
Butyric acid,PM5 A
Glycine,PM5 A
Serine,PM5 A
Citrulline,PM5 A
Hydroxybutyric acid,PM5 A
Alanine,PM5 B
Histidine,PM5 B
Threonine,PM5 B
Chorismic acid,PM5 B
Ketobutyric acid,PM5 B
Arginine,PM5 B
Isoleucine,PM5 B
Tryptophan,PM5 B
Shikimic acid,PM5 B
NAD,PM5 B
Amino-benzoic acid,PM5 B
Caprylic acid,PM5 B
Asparagine,PM5 C
Leucine,PM5 C
Tyrosine,PM5 C
Homoserinelactone,PM5 C
Amino-levulinic acid,PM5 C
Aspartic acid,PM5 C
Lysine,PM5 C
Valine,PM5 C
Alanine,PM5 C
Hematin,PM5 C
Inosine,PM5 C
Thiamine,PM5 C
Cysteine,PM5 D
Methionine,PM5 D
Isoleucine,PM5 D
Valine,PM5 D
Aspartic acid,PM5 D
Alanine,PM5 D
Deferoxamine,PM5 D
Carnitine,PM5 D
Thiamine pyrophosphate,PM5 D
Choline,PM5 D
Cyclic AMP,PM5 E
Cyclic GMP,PM5 E
Diamino pimelic acid,PM5 E
N-acetyl-glucosamine,PM5 E
Adenine,PM5 E
Guanine,PM5 E
Cytosine,PM5 E
Uracil,PM5 E
Thymine,PM5 E
Adenosine,PM5 F
Guanosine,PM5 F
Inosine,PM5 F
Cytidine,PM5 F
Uridine,PM5 F
GSH,PM5 F
Thymidine,PM5 F
Myo-inositol,PM5 F
Deoxyadenosine,PM5 G
Deoxyguanosine,PM5 G
DeoxyInosine,PM5 G
Deoxycytidine,PM5 G
(RS)-Mevalonate,RPIP
(S)-3-methyl-2-oxopentanoate,RPIP
(S)-Lactate,RPIP
(S)-Malate,RPIP
2-Hydroxybutanoic acid,RPIP
2-Oxobutanoate,RPIP
2-Oxoglutarate,RPIP
4-methyl-2-oxopentanoate,RPIP
6-Phospho-D-gluconate,RPIP
Acetoacetate,RPIP
Citrate,RPIP
Oxaloacetate,RPIP
Phosphoenolpyruvate,RPIP
Pyruvate,RPIP
